Honda,Medium,Large
Air Filter,https://wd.eleadcrm.com/evo2/companies/FLNADAMAR/Images/ServiceImages/Honda/honda_air_filter_2_md.jpg,https://wd.eleadcrm.com/evo2/companies/FLNADAMAR/Images/ServiceImages/Honda/honda_air_filter_2_lg.jpg
Air Filter,https://wd.eleadcrm.com/evo2/companies/FLNADAMAR/Images/ServiceImages/Honda/honda_air_filter_md.jpg,https://wd.eleadcrm.com/evo2/companies/FLNADAMAR/Images/ServiceImages/Honda/honda_air_filter_lg.jpg
Alignment,https://wd.eleadcrm.com/evo2/companies/FLNADAMAR/Images/ServiceImages/Honda/Honda_Balance-md.jpg,https://wd.eleadcrm.com/evo2/companies/FLNADAMAR/Images/ServiceImages/Honda/Honda_Alignment-lg.jpg
Battery,https://wd.eleadcrm.com/evo2/companies/FLNADAMAR/Images/ServiceImages/Honda/honda_battery_2_md.jpg,https://wd.eleadcrm.com/evo2/companies/FLNADAMAR/Images/ServiceImages/Honda/honda_battery_2_lg.jpg
Battery,https://wd.eleadcrm.com/evo2/companies/FLNADAMAR/Images/ServiceImages/Honda/honda_battery_md.jpg,https://wd.eleadcrm.com/evo2/companies/FLNADAMAR/Images/ServiceImages/Honda/honda_battery_lg.jpg
Brakes,https://wd.eleadcrm.com/evo2/companies/FLNADAMAR/Images/ServiceImages/Honda/Honda_Brakes-md.jpg,https://wd.eleadcrm.com/evo2/companies/FLNADAMAR/Images/ServiceImages/Honda/Honda_Brakes-lg.jpg
Brakes,https://wd.eleadcrm.com/evo2/companies/FLNADAMAR/Images/ServiceImages/Honda/honda_brakes_2_md.jpg,https://wd.eleadcrm.com/evo2/companies/FLNADAMAR/Images/ServiceImages/Honda/honda_brakes_2_lg.jpg
Brakes,https://wd.eleadcrm.com/evo2/companies/FLNADAMAR/Images/ServiceImages/Honda/honda_brakes_md.jpg,https://wd.eleadcrm.com/evo2/companies/FLNADAMAR/Images/ServiceImages/Honda/honda_brakes_lg.jpg
Cleaning,https://wd.eleadcrm.com/evo2/companies/FLNADAMAR/Images/ServiceImages/Honda/honda_cleaning_md.jpg,https://wd.eleadcrm.com/evo2/companies/FLNADAMAR/Images/ServiceImages/Honda/honda_cleaning_lg.jpg
Diagnostic,,
Engine,,
General Service,https://wd.eleadcrm.com/evo2/companies/FLNADAMAR/Images/ServiceImages/Honda/honda_general_service_2_md.jpg,https://wd.eleadcrm.com/evo2/companies/FLNADAMAR/Images/ServiceImages/Honda/honda_general_service_2_lg.jpg
General Service,https://wd.eleadcrm.com/evo2/companies/FLNADAMAR/Images/ServiceImages/Honda/honda_general_service_md.jpg,https://wd.eleadcrm.com/evo2/companies/FLNADAMAR/Images/ServiceImages/Honda/honda_general_service_lg.jpg
Inspection,https://wd.eleadcrm.com/evo2/companies/FLNADAMAR/Images/ServiceImages/Honda/Honda_Inspection-md.jpg,https://wd.eleadcrm.com/evo2/companies/FLNADAMAR/Images/ServiceImages/Honda/Honda_Inspection-lg.jpg
Inspection,https://wd.eleadcrm.com/evo2/companies/FLNADAMAR/Images/ServiceImages/Honda/honda_inspection_2_md.jpg,https://wd.eleadcrm.com/evo2/companies/FLNADAMAR/Images/ServiceImages/Honda/honda_inspection_2_lg.jpg
Inspection,https://wd.eleadcrm.com/evo2/companies/FLNADAMAR/Images/ServiceImages/Honda/honda_inspection_3_md.jpg,https://wd.eleadcrm.com/evo2/companies/FLNADAMAR/Images/ServiceImages/Honda/honda_inspection_3_lg.jpg
Inspection,https://wd.eleadcrm.com/evo2/companies/FLNADAMAR/Images/ServiceImages/Honda/honda_inspection_4_md.jpg,https://wd.eleadcrm.com/evo2/companies/FLNADAMAR/Images/ServiceImages/Honda/honda_inspection_4_lg.jpg
Inspection,https://wd.eleadcrm.com/evo2/companies/FLNADAMAR/Images/ServiceImages/Honda/honda_inspection_md.jpg,https://wd.eleadcrm.com/evo2/companies/FLNADAMAR/Images/ServiceImages/Honda/honda_inspection_lg.jpg
Oil Change,https://wd.eleadcrm.com/evo2/companies/FLNADAMAR/Images/ServiceImages/Honda/honda_oil_2_md.jpg,https://wd.eleadcrm.com/evo2/companies/FLNADAMAR/Images/ServiceImages/Honda/honda_oil_2_lg.jpg
Oil Change,https://wd.eleadcrm.com/evo2/companies/FLNADAMAR/Images/ServiceImages/Honda/honda_oil_filter_md.jpg,https://wd.eleadcrm.com/evo2/companies/FLNADAMAR/Images/ServiceImages/Honda/honda_oil_filter_lg.jpg
Oil Change,https://wd.eleadcrm.com/evo2/companies/FLNADAMAR/Images/ServiceImages/Honda/honda_oil_md.jpg,https://wd.eleadcrm.com/evo2/companies/FLNADAMAR/Images/ServiceImages/Honda/honda_oil_lg.jpg
Repair,https://wd.eleadcrm.com/evo2/companies/FLNADAMAR/Images/ServiceImages/Honda/honda_repair_md.jpg,https://wd.eleadcrm.com/evo2/companies/FLNADAMAR/Images/ServiceImages/Honda/honda_repair_lg.jpg
Rotate and Balance,https://wd.eleadcrm.com/evo2/companies/FLNADAMAR/Images/ServiceImages/Honda/honda_rotate_and_balance_md.jpg,https://wd.eleadcrm.com/evo2/companies/FLNADAMAR/Images/ServiceImages/Honda/honda_rotate_and_balance_lg.jpg
Service Your Way,https://wd.eleadcrm.com/evo2/companies/FLNADAMAR/Images/ServiceImages/Honda/Honda-CertifiedService-med.jpg,https://wd.eleadcrm.com/evo2/companies/FLNADAMAR/Images/ServiceImages/Honda/Honda_Service_Hero-lg.jpg
Tires,,
Wheel Balance,,
Wheels and Tires,https://wd.eleadcrm.com/evo2/companies/FLNADAMAR/Images/ServiceImages/Honda/honda_wheels_and_tires_md.jpg,https://wd.eleadcrm.com/evo2/companies/FLNADAMAR/Images/ServiceImages/Honda/honda_wheels_and_tires_lg.jpg
Wipers,https://wd.eleadcrm.com/evo2/companies/FLNADAMAR/Images/ServiceImages/Honda/honda_wipers_md.jpg,https://wd.eleadcrm.com/evo2/companies/FLNADAMAR/Images/ServiceImages/Honda/honda_wipers_lg.jpg
