Land Rover,Medium,Large
Air Filter,,
Accessories,,
Accessories,,
Alignment,https://wd.eleadcrm.com/evo2/companies/FLNADAMAR/Images/ServiceImages/landrover/LR-Alignment-md.jpg,https://wd.eleadcrm.com/evo2/companies/FLNADAMAR/Images/ServiceImages/landrover/LR-Alignment-lg.jpg
Battery,,
Brakes,,
Detailing,https://wd.eleadcrm.com/evo2/companies/FLNADAMAR/Images/ServiceImages/landrover/LR-Carwash-Detail-md.jpg,https://wd.eleadcrm.com/evo2/companies/FLNADAMAR/Images/ServiceImages/landrover/LR-Carwash-Detail-lg.jpg
Diagnostic,,
Engine,,
Fluid Check,https://wd.eleadcrm.com/evo2/companies/FLNADAMAR/Images/ServiceImages/landrover/LR-DEF-Workshop-md.jpg,https://wd.eleadcrm.com/evo2/companies/FLNADAMAR/Images/ServiceImages/landrover/LR-FluidCheck-lg.jpg
General Service,,
Oil Change,https://wd.eleadcrm.com/evo2/companies/FLNADAMAR/Images/ServiceImages/landrover/LR-OilChainge-md.jpg,
Parts,,
Rotate,https://wd.eleadcrm.com/evo2/companies/FLNADAMAR/Images/ServiceImages/landrover/LR-TireChange-md.jpg,https://wd.eleadcrm.com/evo2/companies/FLNADAMAR/Images/ServiceImages/landrover/LR-TireChange-lg.jpg
Service Your Way,https://wd.eleadcrm.com/evo2/companies/FLNADAMAR/Images/ServiceImages/landrover/LandRover-ServiceYourWay-md.jpg,https://wd.eleadcrm.com/evo2/companies/FLNADAMAR/Images/ServiceImages/landrover/LandRover-ServiceYourWay-lg.jpg
Tires,https://wd.eleadcrm.com/evo2/companies/FLNADAMAR/Images/ServiceImages/landrover/LR-TireTreadCheck-md.jpg,https://wd.eleadcrm.com/evo2/companies/FLNADAMAR/Images/ServiceImages/landrover/LR-TireTreadCheck-lg.jpg
Wheel Balance,,
Wheels,,
Wipers,https://wd.eleadcrm.com/evo2/companies/FLNADAMAR/Images/ServiceImages/landrover/LR-WiperCheck-md.jpg,https://wd.eleadcrm.com/evo2/companies/FLNADAMAR/Images/ServiceImages/landrover/LR-WiperCheck-lg.jpg
Workshop,https://wd.eleadcrm.com/evo2/companies/FLNADAMAR/Images/ServiceImages/landrover/LR-DEF-Workshop-md.jpg,https://wd.eleadcrm.com/evo2/companies/FLNADAMAR/Images/ServiceImages/landrover/LR-DEF-Workshop-lg.jpg
