General,Medium,Large
Air Filter,https://wd.eleadcrm.com/evo2/companies/FLNADAMAR/Images/ServiceImages/airfilterinstall-med.jpg,https://wd.eleadcrm.com/evo2/companies/FLNADAMAR/Images/ServiceImages/airfilterinstall-lg.jpg
Alignment,https://wd.eleadcrm.com/evo2/companies/FLNADAMAR/Images/ServiceImages/alignment-med.jpg,https://wd.eleadcrm.com/evo2/companies/FLNADAMAR/Images/ServiceImages/alignment-lg.jpg
Battery,https://wd.eleadcrm.com/evo2/companies/FLNADAMAR/Images/ServiceImages/battery-med.jpg,https://wd.eleadcrm.com/evo2/companies/FLNADAMAR/Images/ServiceImages/battery-lg.jpg
Brakes,https://wd.eleadcrm.com/evo2/companies/FLNADAMAR/Images/ServiceImages/brakes-med.jpg,https://wd.eleadcrm.com/evo2/companies/FLNADAMAR/Images/ServiceImages/brakes-lg.jpg
Car Wash,https://wd.eleadcrm.com/evo2/companies/FLNADAMAR/Images/ServiceImages/carwashdetail-med.jpg,https://wd.eleadcrm.com/evo2/companies/FLNADAMAR/Images/ServiceImages/carwashdetail-lg.jpg
Diagnostic,https://wd.eleadcrm.com/evo2/companies/FLNADAMAR/Images/ServiceImages/diagnostic-med2.jpg,https://wd.eleadcrm.com/evo2/companies/FLNADAMAR/Images/ServiceImages/diagnostic-lg.jpg
Engine,,
General Service,https://wd.eleadcrm.com/evo2/companies/FLNADAMAR/Images/ServiceImages/checklist-med.jpg,https://wd.eleadcrm.com/evo2/companies/FLNADAMAR/Images/ServiceImages/checklist-lg.jpg
Oil Change,https://wd.eleadcrm.com/evo2/companies/FLNADAMAR/Images/ServiceImages/oilchange-med.jpg,https://wd.eleadcrm.com/evo2/companies/FLNADAMAR/Images/ServiceImages/oilchange-lg.jpg
Rotate,,
Service Your Way,,
Tires,https://wd.eleadcrm.com/evo2/companies/FLNADAMAR/Images/ServiceImages/tires-med.jpg,https://wd.eleadcrm.com/evo2/companies/FLNADAMAR/Images/ServiceImages/tires-lg.jpg
Wheel Balance,https://wd.eleadcrm.com/evo2/companies/FLNADAMAR/Images/ServiceImages/wheelbalance-med.jpg,https://wd.eleadcrm.com/evo2/companies/FLNADAMAR/Images/ServiceImages/wheelbalance-lg.jpg
Wheels,,
