Ford,Medium,Large
Air Filter,,
Alignment,https://wd.eleadcrm.com/evo2/companies/FLNADAMAR/Images/ServiceImages/Ford/ford_alignment_md.jpg,https://wd.eleadcrm.com/evo2/companies/FLNADAMAR/Images/ServiceImages/Ford/ford_alignment_lg.jpg
Battery,https://wd.eleadcrm.com/evo2/companies/FLNADAMAR/Images/ServiceImages/Ford/ford_battery_md.jpg,https://wd.eleadcrm.com/evo2/companies/FLNADAMAR/Images/ServiceImages/Ford/ford_battery_lg.jpg
Brakes,https://wd.eleadcrm.com/evo2/companies/FLNADAMAR/Images/ServiceImages/Ford/ford_brakes_md.jpg,https://wd.eleadcrm.com/evo2/companies/FLNADAMAR/Images/ServiceImages/Ford/ford_brakes_lg.jpg
Engine,https://wd.eleadcrm.com/evo2/companies/FLNADAMAR/Images/ServiceImages/Ford/ford_engine_md.jpg,https://wd.eleadcrm.com/evo2/companies/FLNADAMAR/Images/ServiceImages/Ford/ford_engine_lg.jpg
General Service,https://wd.eleadcrm.com/evo2/companies/FLNADAMAR/Images/ServiceImages/Ford/ford_service_md.jpg,https://wd.eleadcrm.com/evo2/companies/FLNADAMAR/Images/ServiceImages/Ford/ford_service_lg.jpg
General Service,https://wd.eleadcrm.com/evo2/companies/FLNADAMAR/Images/ServiceImages/Ford/ford_service_2_md.jpg,https://wd.eleadcrm.com/evo2/companies/FLNADAMAR/Images/ServiceImages/Ford/ford_service_2_lg.jpg
General Service,https://wd.eleadcrm.com/evo2/companies/FLNADAMAR/Images/ServiceImages/Ford/ford_service_3_md.jpg,https://wd.eleadcrm.com/evo2/companies/FLNADAMAR/Images/ServiceImages/Ford/ford_service_3_lg.jpg
Oil Change,https://wd.eleadcrm.com/evo2/companies/FLNADAMAR/Images/ServiceImages/Ford/ford_oil_change_md.jpg,https://wd.eleadcrm.com/evo2/companies/FLNADAMAR/Images/ServiceImages/Ford/ford_oil_change_lg.jpg
Rotate,https://wd.eleadcrm.com/evo2/companies/FLNADAMAR/Images/ServiceImages/Ford/ford_rotate_md.jpg,https://wd.eleadcrm.com/evo2/companies/FLNADAMAR/Images/ServiceImages/Ford/ford_rotate_lg.jpg
Service Your Way,https://wd.eleadcrm.com/evo2/companies/FLNADAMAR/Images/ServiceImages/Ford/service-your-way-med.jpg,https://wd.eleadcrm.com/evo2/companies/FLNADAMAR/Images/ServiceImages/Ford/service-your-way-lrg.jpg
Tires,https://wd.eleadcrm.com/evo2/companies/FLNADAMAR/Images/ServiceImages/Ford/ford_tires_2_md.jpg, 
Tires,https://wd.eleadcrm.com/evo2/companies/FLNADAMAR/Images/ServiceImages/Ford/ford_tires_3_md.jpg,https://wd.eleadcrm.com/evo2/companies/FLNADAMAR/Images/ServiceImages/Ford/ford_tires_3_lg.jpg
Tires,https://wd.eleadcrm.com/evo2/companies/FLNADAMAR/Images/ServiceImages/Ford/ford_tires_md.jpg,
Wheel Balance,https://wd.eleadcrm.com/evo2/companies/FLNADAMAR/Images/ServiceImages/Ford/ford_tire_balance_md.jpg,https://wd.eleadcrm.com/evo2/companies/FLNADAMAR/Images/ServiceImages/Ford/ford_tire_balance_lg.jpg
Wheels,https://wd.eleadcrm.com/evo2/companies/FLNADAMAR/Images/ServiceImages/Ford/ford_wheels_md.jpg,https://wd.eleadcrm.com/evo2/companies/FLNADAMAR/Images/ServiceImages/Ford/ford_wheels_lg.jpg
