Jaguar,Medium,Large
Air Filter,https://wd.eleadcrm.com/evo2/companies/FLNADAMAR/Images/ServiceImages/Jaguar/Jaguar-AirFilter-md.jpg,
Accessories,https://wd.eleadcrm.com/evo2/companies/FLNADAMAR/Images/ServiceImages/Jaguar/Jaguar-Accessories-md.jpg,
Accessories,https://wd.eleadcrm.com/evo2/companies/FLNADAMAR/Images/ServiceImages/Jaguar/Jaguar-InteriorAccessories-md.jpg,
Alignment,https://wd.eleadcrm.com/evo2/companies/FLNADAMAR/Images/ServiceImages/Jaguar/Jaguar-Alignment-md.jpg,https://wd.eleadcrm.com/evo2/companies/FLNADAMAR/Images/ServiceImages/Jaguar/Jaguar-Alignment-lg.jpg
Battery,https://wd.eleadcrm.com/evo2/companies/FLNADAMAR/Images/ServiceImages/Jaguar/jaguar-battery-md.jpg,https://wd.eleadcrm.com/evo2/companies/FLNADAMAR/Images/ServiceImages/Jaguar/jaguar-battery-lg.jpg
Brakes,https://wd.eleadcrm.com/evo2/companies/FLNADAMAR/Images/ServiceImages/Jaguar/Jaguar-Brakes-md.jpg,https://wd.eleadcrm.com/evo2/companies/FLNADAMAR/Images/ServiceImages/Jaguar/Jaguar-Brakes-lg.jpg
Detailing,https://wd.eleadcrm.com/evo2/companies/FLNADAMAR/Images/ServiceImages/Jaguar/Jaguar_Detailing-md.jpg,https://wd.eleadcrm.com/evo2/companies/FLNADAMAR/Images/ServiceImages/Jaguar/Jaguar_Detailing-lg.jpg
Diagnostic,,
Engine,,
General Service,https://wd.eleadcrm.com/evo2/companies/FLNADAMAR/Images/ServiceImages/Jaguar/Jaguar-GeneralService-md.jpg,https://wd.eleadcrm.com/evo2/companies/FLNADAMAR/Images/ServiceImages/Jaguar/Jaguar-GeneralService-lg.jpg
Oil Change,https://wd.eleadcrm.com/evo2/companies/FLNADAMAR/Images/ServiceImages/Jaguar/Jaguar-OilChange-md.jpg,https://wd.eleadcrm.com/evo2/companies/FLNADAMAR/Images/ServiceImages/Jaguar/Jaguar-OilChange-lg.jpg
Parts,https://wd.eleadcrm.com/evo2/companies/FLNADAMAR/Images/ServiceImages/Jaguar/Jaguar-Parts-md.jpg,
Rotate and Balance,https://wd.eleadcrm.com/evo2/companies/FLNADAMAR/Images/ServiceImages/Jaguar/Jaguar-Rotate-Balance-md.jpg,https://wd.eleadcrm.com/evo2/companies/FLNADAMAR/Images/ServiceImages/Jaguar/Jaguar-Rotate-Balance-lg.jpg
Service Your Way,,
Tires,https://wd.eleadcrm.com/evo2/companies/FLNADAMAR/Images/ServiceImages/Jaguar/Jaguar-TireCheck-md.jpg,https://wd.eleadcrm.com/evo2/companies/FLNADAMAR/Images/ServiceImages/Jaguar/Jaguar-TireCheck-lg.jpg
Wheel Balance,,
Wheels,,
Wipers,https://wd.eleadcrm.com/evo2/companies/FLNADAMAR/Images/ServiceImages/Jaguar/Jaguar-WiperBlades-md.jpg,https://wd.eleadcrm.com/evo2/companies/FLNADAMAR/Images/ServiceImages/Jaguar/Jaguar-WiperBlades-lg.jpg
