Porsche,Medium,Large
Accessories,,
Air Filter,,
Air Filter,,
Alignment,https://wd.eleadcrm.com/evo2/companies/FLNADAMAR/Images/ServiceImages/Porsche/alignment-med.jpg,https://wd.eleadcrm.com/evo2/companies/FLNADAMAR/Images/ServiceImages/Porsche/alignment-lrg.jpg
Battery,https://wd.eleadcrm.com/evo2/companies/FLNADAMAR/Images/ServiceImages/Porsche/battery-test-md.jpg,https://wd.eleadcrm.com/evo2/companies/FLNADAMAR/Images/ServiceImages/Porsche/battery-test-lg.jpg
Brakes,https://wd.eleadcrm.com/evo2/companies/FLNADAMAR/Images/ServiceImages/Porsche/brake-service-med.jpg,https://wd.eleadcrm.com/evo2/companies/FLNADAMAR/Images/ServiceImages/Porsche/brake-service-lrg.jpg
Brakes,https://wd.eleadcrm.com/evo2/companies/FLNADAMAR/Images/ServiceImages/Porsche/brakes-md.jpg,https://wd.eleadcrm.com/evo2/companies/FLNADAMAR/Images/ServiceImages/Porsche/brakes-lg.jpg
Car Wash,https://wd.eleadcrm.com/evo2/companies/FLNADAMAR/Images/ServiceImages/Porsche/carwash-detail-md.jpg,https://wd.eleadcrm.com/evo2/companies/FLNADAMAR/Images/ServiceImages/Porsche/carwash-detail-lg.jpg
Cleaning Products,https://wd.eleadcrm.com/evo2/companies/FLNADAMAR/Images/ServiceImages/Porsche/cleaning-products-med.jpg,https://wd.eleadcrm.com/evo2/companies/FLNADAMAR/Images/ServiceImages/Porsche/cleaning-products-lrg.jpg
Diagnostic,,
Engine,https://wd.eleadcrm.com/evo2/companies/FLNADAMAR/Images/ServiceImages/Porsche/engine-md.jpg,https://wd.eleadcrm.com/evo2/companies/FLNADAMAR/Images/ServiceImages/Porsche/engine-lg.jpg
General Service,https://wd.eleadcrm.com/evo2/companies/FLNADAMAR/Images/ServiceImages/Porsche/generalservice-md.jpg,https://wd.eleadcrm.com/evo2/companies/FLNADAMAR/Images/ServiceImages/Porsche/generalservice-lg.jpg
General Service,https://wd.eleadcrm.com/evo2/companies/FLNADAMAR/Images/ServiceImages/Porsche/generalservice-9-md.jpg,https://wd.eleadcrm.com/evo2/companies/FLNADAMAR/Images/ServiceImages/Porsche/generalservice-9-lg.jpg
General Service,https://wd.eleadcrm.com/evo2/companies/FLNADAMAR/Images/ServiceImages/Porsche/generalservice-8-md.jpg,https://wd.eleadcrm.com/evo2/companies/FLNADAMAR/Images/ServiceImages/Porsche/generalservice-8-lg.jpg
General Service,https://wd.eleadcrm.com/evo2/companies/FLNADAMAR/Images/ServiceImages/Porsche/generalservice-7-md.jpg,https://wd.eleadcrm.com/evo2/companies/FLNADAMAR/Images/ServiceImages/Porsche/generalservice-7-lg.jpg
General Service,https://wd.eleadcrm.com/evo2/companies/FLNADAMAR/Images/ServiceImages/Porsche/generalservice-4-md.jpg,https://wd.eleadcrm.com/evo2/companies/FLNADAMAR/Images/ServiceImages/Porsche/generalservice-4-lg.jpg
General Service,https://wd.eleadcrm.com/evo2/companies/FLNADAMAR/Images/ServiceImages/Porsche/generalservice-10-md.jpg,https://wd.eleadcrm.com/evo2/companies/FLNADAMAR/Images/ServiceImages/Porsche/generalservice-10-lg.jpg
General Service,https://wd.eleadcrm.com/evo2/companies/FLNADAMAR/Images/ServiceImages/Porsche/customer-education-med.jpg,https://wd.eleadcrm.com/evo2/companies/FLNADAMAR/Images/ServiceImages/Porsche/customer-education-lrg.jpg
Inspection,https://wd.eleadcrm.com/evo2/companies/FLNADAMAR/Images/ServiceImages/Porsche/inspection-med.jpg,https://wd.eleadcrm.com/evo2/companies/FLNADAMAR/Images/ServiceImages/Porsche/inspection-lrg.jpg
Inspection,https://wd.eleadcrm.com/evo2/companies/FLNADAMAR/Images/ServiceImages/Porsche/inspection-2-md.jpg,
Oil Change,https://wd.eleadcrm.com/evo2/companies/FLNADAMAR/Images/ServiceImages/Porsche/oil-change-med.jpg,https://wd.eleadcrm.com/evo2/companies/FLNADAMAR/Images/ServiceImages/Porsche/oil-change-lrg.jpg
Oil Change,https://wd.eleadcrm.com/evo2/companies/FLNADAMAR/Images/ServiceImages/Porsche/oilchange-2-md.jpg,https://wd.eleadcrm.com/evo2/companies/FLNADAMAR/Images/ServiceImages/Porsche/oilchange-2-lg.jpg
Repair,https://wd.eleadcrm.com/evo2/companies/FLNADAMAR/Images/ServiceImages/Porsche/repair-electric-md.jpg,https://wd.eleadcrm.com/evo2/companies/FLNADAMAR/Images/ServiceImages/Porsche/repair-electric-lg.jpg
Repair,https://wd.eleadcrm.com/evo2/companies/FLNADAMAR/Images/ServiceImages/Porsche/repair-bodywork-md.jpg,https://wd.eleadcrm.com/evo2/companies/FLNADAMAR/Images/ServiceImages/Porsche/repair-bodywork-lg.jpg
Repair,https://wd.eleadcrm.com/evo2/companies/FLNADAMAR/Images/ServiceImages/Porsche/repair-taillights-md.jpg,https://wd.eleadcrm.com/evo2/companies/FLNADAMAR/Images/ServiceImages/Porsche/repair-taillights-lg.jpg
Rotate and Balance,https://wd.eleadcrm.com/evo2/companies/FLNADAMAR/Images/ServiceImages/Porsche/rotatebalance-md.jpg,https://wd.eleadcrm.com/evo2/companies/FLNADAMAR/Images/ServiceImages/Porsche/rotatebalance-lg.jpg
Service Your Way,,
Tires,https://wd.eleadcrm.com/evo2/companies/FLNADAMAR/Images/ServiceImages/Porsche/tires-md.jpg,https://wd.eleadcrm.com/evo2/companies/FLNADAMAR/Images/ServiceImages/Porsche/tires-lg.jpg
Wheel Balance,https://wd.eleadcrm.com/evo2/companies/FLNADAMAR/Images/ServiceImages/Porsche/balance-md.jpg,https://wd.eleadcrm.com/evo2/companies/FLNADAMAR/Images/ServiceImages/Porsche/balance-lg.jpg
Wheels,,
Wipers,,
