BMW,Medium,Large
Accessories,https://wd.eleadcrm.com/evo2/companies/FLNADAMAR/Images/ServiceImages/BMW/accessories-md.jpg,https://wd.eleadcrm.com/evo2/companies/FLNADAMAR/Images/ServiceImages/BMW/accessories-lg.jpg
Air Filter,https://wd.eleadcrm.com/evo2/companies/FLNADAMAR/Images/ServiceImages/BMW/bmw_air_filter_med.jpg,https://wd.eleadcrm.com/evo2/companies/FLNADAMAR/Images/ServiceImages/BMW/bmw_air_filter_lg.jpg
Alignment,https://wd.eleadcrm.com/evo2/companies/FLNADAMAR/Images/ServiceImages/BMW/BMW_Alignment-md.jpg,https://wd.eleadcrm.com/evo2/companies/FLNADAMAR/Images/ServiceImages/BMW/BMW_Alignment-lg.jpg
Alignment,https://wd.eleadcrm.com/evo2/companies/FLNADAMAR/Images/ServiceImages/BMW/bmw_alignment_2_md.jpg,https://wd.eleadcrm.com/evo2/companies/FLNADAMAR/Images/ServiceImages/BMW/bmw_alignment_2_lrg.jpg
Battery,https://wd.eleadcrm.com/evo2/companies/FLNADAMAR/Images/ServiceImages/BMW/bmw_battery_md.jpg,https://wd.eleadcrm.com/evo2/companies/FLNADAMAR/Images/ServiceImages/BMW/bmw_batter_lg.jpg
Brakes,https://wd.eleadcrm.com/evo2/companies/FLNADAMAR/Images/ServiceImages/BMW/brakes-md.jpg,https://wd.eleadcrm.com/evo2/companies/FLNADAMAR/Images/ServiceImages/BMW/brakes-lg.jpg
Detailing,https://wd.eleadcrm.com/evo2/companies/FLNADAMAR/Images/ServiceImages/BMW/detailing-md.jpg,https://wd.eleadcrm.com/evo2/companies/FLNADAMAR/Images/ServiceImages/BMW/detailing-lg.jpg
Diagnostic,https://wd.eleadcrm.com/evo2/companies/FLNADAMAR/Images/ServiceImages/BMW/bmw_diagnostic_md.jpg,https://wd.eleadcrm.com/evo2/companies/FLNADAMAR/Images/ServiceImages/BMW/bmw_diagnostic_lg.jpg
Engine,,
General Service,https://wd.eleadcrm.com/evo2/companies/FLNADAMAR/Images/ServiceImages/BMW/generalservice-md.jpg,https://wd.eleadcrm.com/evo2/companies/FLNADAMAR/Images/ServiceImages/BMW/generalservice-lg.jpg
General Service,https://wd.eleadcrm.com/evo2/companies/FLNADAMAR/Images/ServiceImages/BMW/generalservice2-md.jpg,https://wd.eleadcrm.com/evo2/companies/FLNADAMAR/Images/ServiceImages/BMW/generalservice2-lg.jpg
General Service,https://wd.eleadcrm.com/evo2/companies/FLNADAMAR/Images/ServiceImages/BMW/generalservice-3-md.jpg,https://wd.eleadcrm.com/evo2/companies/FLNADAMAR/Images/ServiceImages/BMW/generalservice-3-lg.jpg
Military Discount,https://wd.eleadcrm.com/evo2/companies/FLNADAMAR/Images/ServiceImages/BMW/bmw_military_md.jpg,https://wd.eleadcrm.com/evo2/companies/FLNADAMAR/Images/ServiceImages/BMW/bmw_military_lg.jpg
Oil Change,https://wd.eleadcrm.com/evo2/companies/FLNADAMAR/Images/ServiceImages/BMW/oilchange-md.jpg,https://wd.eleadcrm.com/evo2/companies/FLNADAMAR/Images/ServiceImages/BMW/oilchange-lg.jpg
Repair,https://wd.eleadcrm.com/evo2/companies/FLNADAMAR/Images/ServiceImages/BMW/repair-md.jpg,https://wd.eleadcrm.com/evo2/companies/FLNADAMAR/Images/ServiceImages/BMW/repair-lg.jpg
Rotate,,
Service Your Way,https://wd.eleadcrm.com/evo2/companies/FLNADAMAR/Images/ServiceImages/BMW/serviceyourway-md.jpg,https://wd.eleadcrm.com/evo2/companies/FLNADAMAR/Images/ServiceImages/BMW/serviceyourway-lg.jpg
Tires,https://wd.eleadcrm.com/evo2/companies/FLNADAMAR/Images/ServiceImages/BMW/tires-md.jpg,https://wd.eleadcrm.com/evo2/companies/FLNADAMAR/Images/ServiceImages/BMW/tires-lg.jpg
Wheel Balance,,
Wheels,,
Wipers,https://wd.eleadcrm.com/evo2/companies/FLNADAMAR/Images/ServiceImages/BMW/bmw_wiper_md.jpg,https://wd.eleadcrm.com/evo2/companies/FLNADAMAR/Images/ServiceImages/BMW/bmw_wiper_lg.jpg
,,
,,
,,
 ,,
