MINI,Medium,Large
Accessories,,
Air Filter,https://wd.eleadcrm.com/evo2/companies/FLNADAMAR/Images/ServiceImages/MINI/mini_air_filter_md.jpg,https://wd.eleadcrm.com/evo2/companies/FLNADAMAR/Images/ServiceImages/MINI/mini_air_filter_lg.jpg
Air Filter,https://wd.eleadcrm.com/evo2/companies/FLNADAMAR/Images/ServiceImages/BMW/bmw_air_filter_med.jpg,https://wd.eleadcrm.com/evo2/companies/FLNADAMAR/Images/ServiceImages/BMW/bmw_air_filter_lg.jpg
Alignment,https://wd.eleadcrm.com/evo2/companies/FLNADAMAR/Images/ServiceImages/MINI/MINI_Wheel_Alignment-md.jpg,https://wd.eleadcrm.com/evo2/companies/FLNADAMAR/Images/ServiceImages/MINI/MINI_Wheel_Alignment-lg.jpg
Battery,https://wd.eleadcrm.com/evo2/companies/FLNADAMAR/Images/ServiceImages/MINI/MINI_Inspection-md.jpg,https://wd.eleadcrm.com/evo2/companies/FLNADAMAR/Images/ServiceImages/MINI/MINI_Inspection-lg.jpg
Brakes,https://wd.eleadcrm.com/evo2/companies/FLNADAMAR/Images/ServiceImages/MINI/MINI_Brakes-md.jpg,https://wd.eleadcrm.com/evo2/companies/FLNADAMAR/Images/ServiceImages/MINI/MINI_Brakes-lg.jpg
Car Wash / Detailing,,
Diagnostic,,
Engine,https://wd.eleadcrm.com/evo2/companies/FLNADAMAR/Images/ServiceImages/MINI/mini_engine_md.jpg,https://wd.eleadcrm.com/evo2/companies/FLNADAMAR/Images/ServiceImages/MINI/mini_engin_lg.jpg
General Service,https://wd.eleadcrm.com/evo2/companies/FLNADAMAR/Images/ServiceImages/MINI/MINI_Inspection-md.jpg,https://wd.eleadcrm.com/evo2/companies/FLNADAMAR/Images/ServiceImages/MINI/MINI_Inspection-lg.jpg
Oil Change,https://wd.eleadcrm.com/evo2/companies/FLNADAMAR/Images/ServiceImages/MINI/mini_oil_change_md.jpg,https://wd.eleadcrm.com/evo2/companies/FLNADAMAR/Images/ServiceImages/MINI/mini_oil_change_lg.jpg
Oil Change,https://wd.eleadcrm.com/evo2/companies/FLNADAMAR/Images/ServiceImages/MINI/mini_oil_change_2_md.jpg,
Repair,,
Rotate,,
Service Your Way,https://wd.eleadcrm.com/evo2/companies/FLNADAMAR/Images/ServiceImages/MINI/mini_service_your_way_md.jpg,https://wd.eleadcrm.com/evo2/companies/FLNADAMAR/Images/ServiceImages/MINI/mini_service_your_way_lg.jpg
Tires,,
Wheel Balance,https://wd.eleadcrm.com/evo2/companies/FLNADAMAR/Images/ServiceImages/MINI/MINI_Wheel_Balance-md.jpg,https://wd.eleadcrm.com/evo2/companies/FLNADAMAR/Images/ServiceImages/MINI/MINI_Wheel_Balance-lg.jpg
Wheels,,
Wipers,https://wd.eleadcrm.com/evo2/companies/FLNADAMAR/Images/ServiceImages/MINI/mini_wiper_md.jpg,https://wd.eleadcrm.com/evo2/companies/FLNADAMAR/Images/ServiceImages/MINI/mini_wiper_lg.jpg
